BalanceSegment,total_balance,balance_lost
"Low Balance",129514031.49999999,26098403.62999999
"High Balance",635344861.3799978,159489690.99999982
